{"mse": 0.7722229921747379, "r2": 0.22845319730496016}