{"mse": 0.7721665435215248, "r2": 0.22850959652946456}